{
  "impulse": {
    "count": 1569,
    "mean": [
      0.00018965070534541852,
      0.00026090425682876264,
      0.9995494450378267
    ],
    "median": [
      0.00012490812002973652,
      0.00021050934145227599,
      0.9996535584345262
    ],
    "min": [
      1.1740189509105574e-07,
      5.606818816056753e-07,
      0.9970554429526322
    ],
    "max": [
      0.0014820081194888803,
      0.0014625489278789535,
      0.999985918110536
    ]
  },
  "correction": {
    "count": 2767,
    "mean": [
      0.000152332305095244,
      0.00013918817249548997,
      0.9997084795224073
    ],
    "median": [
      0.00010423242646414463,
      9.824562298403524e-05,
      0.9997908106697944
    ],
    "min": [
      7.387821600997516e-08,
      5.909380372181537e-08,
      0.995439932137274
    ],
    "max": [
      0.003293772199280957,
      0.001467301915465845,
      0.9999923878632732
    ]
  },
  "timeframe": "4h"
}