{
  "impulse": {
    "count": 4107,
    "mean": [
      0.000231866403942715,
      0.00031929628309992057,
      0.9994488373129586
    ],
    "median": [
      0.0001518846638194926,
      0.00025023677361406846,
      0.9995959546410493
    ],
    "min": [
      1.1740189509105574e-07,
      5.606818816056753e-07,
      0.9924269115503824
    ],
    "max": [
      0.0038835876345139015,
      0.0036895008151037164,
      0.9999911133426962
    ]
  },
  "correction": {
    "count": 6804,
    "mean": [
      0.00022658872377348175,
      0.00018837900451918217,
      0.9995850322717043
    ],
    "median": [
      0.00013189461340601364,
      0.00013006343668711537,
      0.9997306867858429
    ],
    "min": [
      1.2174510316439105e-08,
      1.286418586256983e-08,
      0.9519904508887163
    ],
    "max": [
      0.03719682588486932,
      0.010812723226414541,
      0.9999959287787471
    ]
  },
  "timeframe": "4h"
}